"maximilian_mustermann@web.de";"Maximilian";"Mustermann"
"max_mustermann@web.de";"Max";"Mustermann"
"max_mustermann@web.de";"Max";"Mustermann"
"max_mustermann@web.de";"Max";"Mustermann"
"max_mustermann@web.de";"Max";"Mustermann"
"max_mustermann@web.de";"Max";"Mustermann"
"max_mustermann@web.de";"Max";"Mustermann"
"max_mustermann@web.de";"Max";"Mustermann"
"max_mustermann@web.de";"Max";"Mustermann"
"max_mustermann@web.de";"Max";"Mustermann"
"max_mustermann@web.de";"Max";"Mustermann"
"max_mustermann@web.de";"Max";"Mustermann"
"max_mustermann@web.de";"Max";"Mustermann"
"max_mustermann@web.de";"Max";"Mustermann"
"max_mustermann@web.de";"Max";"Mustermann"
"max_mustermann@web.de";"Max";"Mustermann"
"max_mustermann@web.de";"Max";"Mustermann"
"max_mustermann@web.de";"Max";"Mustermann"
"max_mustermann@web.de";"Max";"Mustermann"
"maike_musterfrau@web.de";"Maike";"Musterfrau"